"ID","SEXE","AGE","SITUA_F","ANCIENNETE","CSP","MOUV_CRED","AVOIRS","TX_ENDET","CREDITS","NB_COMPTES","SOLDE_CC","DER_MOUV","NB_OP","NBJ_DECOUVERT","SEXE_BIN","CELIB","DIVORCE","MARIE","SEPARE","ULIBRE","VEUF","AGRI","ARTI","CADRE","EMP","INA","OUV","PINT","RETR","SANSEMP","Score"
1020,"homme",35,"marie",7,"cadre",25.33333333,0,0,0,1,31265,11,35,0,1,0,0,1,0,0,0,0,0,1,0,0,0,0,0,0,67.83
1021,"femme",30,"marie",123,"sans emploi",2.333333333,51.66666667,62,136494.6667,1,1049,13,11,10,0,0,0,1,0,0,0,0,0,0,0,0,0,0,0,1,0.94
1022,"homme",28,"celibataire",10,"cadre",0,33.33333333,0,115,1,-30.33333333,11,2,3,1,1,0,0,0,0,0,0,0,1,0,0,0,0,0,0,25.47
1023,"homme",27,"celibataire",111,"sans emploi",5,29946,0,0,1,15420.33333,14,19,0,1,1,0,0,0,0,0,0,0,0,0,0,0,0,0,1,11.57
1024,"homme",40,"marie",196,"employes",4,204115,0,0,1,3280.666667,13,39,0,1,0,0,1,0,0,0,0,0,0,1,0,0,0,0,0,25.36
1025,"homme",49,"celibataire",310,"prof intermediaires",7.333333333,33293.33333,5,9841.333333,1,3204.666667,14,45,0,1,1,0,0,0,0,0,0,0,0,0,0,0,1,0,0,16.34
1026,"homme",27,"celibataire",184,"sans emploi",5,0,0,0,1,8231.666667,13,19,0,1,1,0,0,0,0,0,0,0,0,0,0,0,0,0,1,6.59
1027,"homme",36,"celibataire",160,"employes",7,203767.6667,0,0,1,6979.666667,15,43,0,1,1,0,0,0,0,0,0,0,0,1,0,0,0,0,0,30.4
1028,"homme",29,"celibataire",135,"prof intermediaires",8.666666667,101753,13,83217.33333,1,2287.666667,13,30,0,1,1,0,0,0,0,0,0,0,0,0,0,0,1,0,0,39.69
1029,"homme",62,"marie",256,"prof intermediaires",3.666666667,13984,0,0,1,1303,13,32,6,1,0,0,1,0,0,0,0,0,0,0,0,0,1,0,0,18.29
1030,"homme",33,"celibataire",162,"cadre",7.333333333,5434,0,0,1,2730.666667,14,47,0,1,1,0,0,0,0,0,0,0,1,0,0,0,0,0,0,22.54
1031,"homme",44,"marie",3,"cadre",1,0,0,0,1,402.3333333,15,9,19,1,0,0,1,0,0,0,0,0,1,0,0,0,0,0,0,31.17
1032,"femme",45,"marie",236,"prof intermediaires",29,33317.66667,8,85767,1,51925.33333,13,58,0,0,0,0,1,0,0,0,0,0,0,0,0,0,1,0,0,36.4
1033,"homme",40,"celibataire",199,"prof intermediaires",7.333333333,231617.6667,3,12708,1,7205,15,12,0,1,1,0,0,0,0,0,0,0,0,0,0,0,1,0,0,51.91
1034,"homme",39,"marie",3,"cadre",1,0,0,0,1,1604.666667,12,6,0,1,0,0,1,0,0,0,0,0,1,0,0,0,0,0,0,29.07
1035,"homme",52,"marie",269,"employes",4.333333333,0,31,94799.33333,1,185.3333333,13,17,38,1,0,0,1,0,0,0,0,0,0,1,0,0,0,0,0,7.35
1036,"femme",49,"celibataire",302,"cadre",4.666666667,19087.66667,14,11995.66667,1,1393.666667,13,57,0,0,1,0,0,0,0,0,0,0,1,0,0,0,0,0,0,3.36
1037,"homme",58,"marie",226,"ouvriers",1,0,0,0,1,751,14,14,7,1,0,0,1,0,0,0,0,0,0,0,0,1,0,0,0,1.78
1038,"homme",31,"celibataire",1,"prof intermediaires",0.333333333,33.33333333,0,0,1,316.6666667,10,3,0,1,1,0,0,0,0,0,0,0,0,0,0,0,1,0,0,24.78
1039,"femme",65,"marie",38,"sans emploi",0,9748.666667,0,0,0,0,0,0,0,0,0,0,1,0,0,0,0,0,0,0,0,0,0,0,1,1.48
1040,"homme",62,"marie",758,"ouvriers",8,31903,0,0,1,8360,13,40,0,1,0,0,1,0,0,0,0,0,0,0,0,1,0,0,0,0.45
1041,"femme",25,"celibataire",134,"sans emploi",0,45.66666667,0,0,0,0,0,0,0,0,1,0,0,0,0,0,0,0,0,0,0,0,0,0,1,0.61
1042,"femme",46,"marie",24,"employes",0,388.3333333,0,0,0,0,0,0,0,0,0,0,1,0,0,0,0,0,0,1,0,0,0,0,0,1.46
1043,"homme",41,"celibataire",281,"ouvriers",2.666666667,43.66666667,0,6577.333333,1,144.6666667,20,11,45,1,1,0,0,0,0,0,0,0,0,0,0,1,0,0,0,1.46
1044,"homme",63,"celibataire",838,"retraite",0,0,0,0,1,519.6666667,28,1,0,1,1,0,0,0,0,0,0,0,0,0,0,0,0,1,0,0.67
1045,"femme",42,"celibataire",218,"prof intermediaires",6.666666667,42,23,125098.3333,2,1279.666667,13,46,3,0,1,0,0,0,0,0,0,0,0,0,0,0,1,0,0,14.45
1046,"homme",56,"marie",226,"cadre",2.666666667,0,0,0,1,3743.666667,20,2,0,1,0,0,1,0,0,0,0,0,1,0,0,0,0,0,0,15.42
1047,"homme",55,"marie",263,"cadre",17,126.6666667,1,6229.333333,1,5653.333333,11,61,14,1,0,0,1,0,0,0,0,0,1,0,0,0,0,0,0,32.29
1048,"homme",35,"celibataire",13,"cadre",2.333333333,0,0,773.6666667,1,861,23,7,19,1,1,0,0,0,0,0,0,0,1,0,0,0,0,0,0,25.19
1049,"homme",48,"marie",29,"cadre",8,0,0,0,1,2027.333333,14,20,6,1,0,0,1,0,0,0,0,0,1,0,0,0,0,0,0,35.84
1050,"homme",28,"celibataire",143,"employes",12.33333333,18717.66667,5,3564.666667,2,4127.666667,13,41,0,1,1,0,0,0,0,0,0,0,0,1,0,0,0,0,0,28.04
1051,"femme",30,"celibataire",153,"sans emploi",10,36,0,0,1,838.3333333,13,35,41,0,1,0,0,0,0,0,0,0,0,0,0,0,0,0,1,2.6
1052,"homme",32,"celibataire",147,"cadre",4.666666667,43937.66667,0,0,1,6701.666667,11,20,0,1,1,0,0,0,0,0,0,0,1,0,0,0,0,0,0,28.3
1053,"homme",32,"celibataire",43,"cadre",4.333333333,46609,0,0,1,11985.66667,15,36,0,1,1,0,0,0,0,0,0,0,1,0,0,0,0,0,0,38.41
1054,"femme",51,"separe",130,"prof intermediaires",9,6547.666667,17,31820,1,2699.666667,13,70,29,0,0,0,0,1,0,0,0,0,0,0,0,0,1,0,0,11.06
1055,"homme",50,"marie",226,"artisan",26.33333333,10255,10,35212,1,4183.666667,15,21,0,1,0,0,1,0,0,0,0,1,0,0,0,0,0,0,0,100
1056,"femme",37,"celibataire",16,"employes",4,55667.33333,0,0,1,3455,13,17,0,0,1,0,0,0,0,0,0,0,0,1,0,0,0,0,0,4.93
1057,"femme",59,"divorce",170,"artisan",0,0,0,0,1,0,118,0,0,0,0,1,0,0,0,0,0,1,0,0,0,0,0,0,0,100
1058,"femme",38,"celibataire",8,"ouvriers",3.333333333,50581.33333,0,0,1,1916.666667,13,25,0,0,1,0,0,0,0,0,0,0,0,0,0,1,0,0,0,1.17
1059,"homme",50,"marie",253,"ouvriers",12,29340.33333,4,35744.66667,1,1697.666667,13,79,20,1,0,0,1,0,0,0,0,0,0,0,0,1,0,0,0,4.1
1060,"femme",31,"marie",40,"cadre",0,0,0,0,0,0,0,0,0,0,0,0,1,0,0,0,0,0,1,0,0,0,0,0,0,3.09
1061,"homme",42,"marie",261,"ouvriers",3,19463.33333,49,48728.33333,1,698,13,15,0,1,0,0,1,0,0,0,0,0,0,0,0,1,0,0,0,0.71
1062,"femme",22,"celibataire",6,"employes",1.666666667,0,0,0,1,4141,13,7,0,0,1,0,0,0,0,0,0,0,0,1,0,0,0,0,0,2.75
1063,"femme",33,"marie",248,"employes",4,49346.33333,0,0,1,1664.333333,13,32,0,0,0,0,1,0,0,0,0,0,0,1,0,0,0,0,0,1.84
1064,"femme",43,"divorce",57,"employes",2,0,28,3922,1,-34,13,18,47,0,0,1,0,0,0,0,0,0,0,1,0,0,0,0,0,3.51
1065,"homme",52,"marie",127,"cadre",1.666666667,40.66666667,0,0,1,464.3333333,13,12,2,1,0,0,1,0,0,0,0,0,1,0,0,0,0,0,0,22.57
1066,"femme",27,"union libre",5,"cadre",0,0,0,0,1,-17.33333333,28,1,16,0,0,0,0,0,1,0,0,0,1,0,0,0,0,0,0,4.92
1067,"homme",31,"celibataire",105,"prof intermediaires",14.33333333,154719,0,0,2,6218.666667,16,80,22,1,1,0,0,0,0,0,0,0,0,0,0,0,1,0,0,80.45
1068,"femme",21,"celibataire",7,"sans emploi",1.333333333,0,0,0,1,704,14,21,2,0,1,0,0,0,0,0,0,0,0,0,0,0,0,0,1,2.08
1069,"homme",31,"celibataire",151,"sans emploi",0,621.3333333,0,0,0,0,0,0,0,1,1,0,0,0,0,0,0,0,0,0,0,0,0,0,1,2.75
